"Timestamp","Sinu nimi:","Kes võidab?","Kes võidab?","Kes viskab Slovenia - Germany mängus enim punkte?","Kes võidab?","Kes võidab?","Kes viskab Spain - USA mängus enim punkte?","Kes võidab?","Kes võidab?","Kes viskab Italy - France mängus enim punkte?","Kes võidab?","Kes võidab?","Kes viskab Australia - Argentina mängus enim punkte?","Millise mängu eest sa topelt punkte sooviksid?","On veel midagi lisada?"
"2021/08/01 4:35:49 pm GMT+3","Gerdinho","Slovenia","Slovenia","Luka Dončić (SVN)","USA","USA","Kevin Durant (USA)","France","France","Evan Fournier (FRA)","Australia","Australia","Patty Mills (AUS)","Italy - France",""
"2021/08/01 8:25:51 pm GMT+3","Hugo Costa","Slovenia","Slovenia","Luka Dončić (SVN)","USA","USA","Kevin Durant (USA)","France","France","Evan Fournier (FRA)","Australia","Australia","Patty Mills (AUS)","Spain - USA",""
"2021/08/02 6:18:45 am GMT+3","Priit Evart","Slovenia","Slovenia","Luka Dončić (SVN)","USA","USA","Damian Lillard (USA)","France","France","Evan Fournier (FRA)","Australia","Australia","Patty Mills (AUS)","Australia - Argentina",""
"2021/08/02 8:23:39 am GMT+3","Asso Viiding","Slovenia","Slovenia","Luka Dončić (SVN)","USA","USA","Kevin Durant (USA)","France","France","Evan Fournier (FRA)","Australia","Australia","Patty Mills (AUS)","Slovenia - Germany",""
"2021/08/02 12:36:35 pm GMT+3","Seb","Slovenia","Slovenia","Luka Dončić (SVN)","USA","Spain +12.5","Jayson Tatum (USA)","France","Italy +7.5","Simone Fontecchio (ITA)","Australia","Argentina +7.5","Luis Scola (ARG)","Slovenia - Germany",""
"2021/08/02 4:52:41 pm GMT+3","Valmar Raigo","Slovenia","Slovenia","Luka Dončić (SVN)","USA","USA","Kevin Durant (USA)","France","France","Evan Fournier (FRA)","Australia","Australia","Patty Mills (AUS)","Slovenia - Germany",""
"2021/08/02 5:18:27 pm GMT+3","Mart J","Slovenia","Slovenia","Luka Dončić (SVN)","USA","USA","Kevin Durant (USA)","France","France","Evan Fournier (FRA)","Australia","Australia","Patty Mills (AUS)","Italy - France",""
"2021/08/02 8:50:35 pm GMT+3","Majakas","Slovenia","Germany +14.5","Luka Dončić (SVN)","USA","Spain +12.5","Kevin Durant (USA)","France","France","Evan Fournier (FRA)","Argentina","Australia","Joe Ingles (AUS)","Slovenia - Germany",""
"2021/08/02 10:38:47 pm GMT+3","Kristo Kluiverson","Slovenia","Slovenia","Luka Dončić (SVN)","USA","USA","Kevin Durant (USA)","France","Italy +7.5","Nando de Colo (FRA)","Argentina","Argentina +7.5","Nicolás Laprovíttola (ARG)","Australia - Argentina","Üllatan ja võtan järgi Austraalia-Argentiina mänguga"