"Timestamp","Sinu nimi:","Kes võidab?","Kes võidab?","Kes viskab Iran - France mängus enim punkte?","Kes võidab?","Kes võidab?","Kes viskab Italy - Nigeria mängus enim punkte?","Kes võidab?","Kes võidab?","Kes viskab Australia - Germany mängus enim punkte?","Kes võidab?","Kes võidab?","Kes viskab USA - Czech Republic mängus enim punkte?","Kes võidab?","Kes võidab?","Kes viskab Argentina - Japan mängus enim punkte?","Kes võidab?","Kes võidab?","Kes viskab Spain - Slovenia mängus enim punkte?","Millise mängu eest sa topelt punkte sooviksid?"
"2021/07/29 7:49:20 pm GMT+3","Hugo Costa","France","France","Evan Fournier (FRA)","Italy","Italy","Danilo Gallinari (ITA)","Australia","Australia","Patty Mills (AUS)","USA","USA","Jayson Tatum (USA)","Argentina","Argentina","Rui Hachimura (日本)","Slovenia","Slovenia","Luka Dončić (SVN)","USA - Czech Republic"
"2021/07/29 9:22:23 pm GMT+3","Asso Viiding","France","France","Evan Fournier (FRA)","Italy","Nigeria +7.5","Josh Okogie (NGA)","Australia","Australia","Patty Mills (AUS)","USA","Czech Republic +23.5","Jayson Tatum (USA)","Argentina","Argentina","Rui Hachimura (日本)","Slovenia","Slovenia","Luka Dončić (SVN)","Iran - France"
"2021/07/30 2:57:05 am GMT+3","Priit Evart","France","France","Evan Fournier (FRA)","Italy","Italy","Jordan Nwora (NGA)","Australia","Australia","Patty Mills (AUS)","USA","USA","Damian Lillard (USA)","Argentina","Argentina","Rui Hachimura (日本)","Slovenia","Slovenia","Luka Dončić (SVN)","Argentina - Japan"
"2021/07/30 6:28:34 am GMT+3","Majakas","France","France","Nando de Colo (FRA)","Italy","Nigeria +7.5","Nicolò Melli (ITA)","Australia","Germany +8.5","Patty Mills (AUS)","USA","USA","Kevin Durant (USA)","Argentina","Japan +10.5","Rui Hachimura (日本)","Slovenia","Slovenia","Luka Dončić (SVN)","USA - Czech Republic"
"2021/07/30 10:04:34 am GMT+3","Seb","France","France","Evan Fournier (FRA)","Italy","Italy","Jordan Nwora (NGA)","Australia","Germany +8.5","Patty Mills (AUS)","USA","USA","Damian Lillard (USA)","Argentina","Argentina","Rui Hachimura (日本)","Slovenia","Slovenia","Luka Dončić (SVN)","Argentina - Japan"
"2021/07/30 12:50:48 pm GMT+3","Kristo Kluiverson","France","Iran +26.5","Nando de Colo (FRA)","Italy","Italy","Nico Mannion (ITA)","Australia","Germany +8.5","Patty Mills (AUS)","USA","Czech Republic +23.5","Devin Booker (USA)","Argentina","Argentina","Nicolás Laprovíttola (ARG)","Slovenia","Slovenia","Luka Dončić (SVN)","USA - Czech Republic"
"2021/07/30 1:00:55 pm GMT+3","Valmar Raigo","France","France","Mohammad Jamshidi (IRN)","Italy","Italy","Jordan Nwora (NGA)","Australia","Australia","Patty Mills (AUS)","USA","USA","Kevin Durant (USA)","Argentina","Argentina","Rui Hachimura (日本)","Spain","Spain +2.5","Luka Dončić (SVN)","Iran - France"
"2021/07/30 2:05:34 pm GMT+3","Gerdinho","France","France","Rudy Gobert (FRA)","Italy","Italy","Nico Mannion (ITA)","Australia","Germany +8.5","Patty Mills (AUS)","USA","Czech Republic +23.5","Damian Lillard (USA)","Argentina","Argentina","Rui Hachimura (日本)","Slovenia","Slovenia","Luka Dončić (SVN)","Spain - Slovenia"
"2021/07/30 3:21:53 pm GMT+3","H-Vahe","France","France","Nando de Colo (FRA)","Italy","Italy","Obi Emegano (NGA)","Australia","Australia","Patty Mills (AUS)","USA","USA","Damian Lillard (USA)","Argentina","Argentina","Rui Hachimura (日本)","Slovenia","Slovenia","Luka Dončić (SVN)","USA - Czech Republic"
"2021/07/30 3:58:27 pm GMT+3","Mart J","France","France","Evan Fournier (FRA)","Italy","Nigeria +7.5","Simone Fontecchio (ITA)","Australia","Australia","Patty Mills (AUS)","USA","USA","Kevin Durant (USA)","Argentina","Japan +10.5","Rui Hachimura (日本)","Slovenia","Slovenia","Luka Dončić (SVN)","USA - Czech Republic"
"2021/07/30 5:06:46 pm GMT+3","RistoS","France","Iran +26.5","Nando de Colo (FRA)","Italy","Italy","Danilo Gallinari (ITA)","Australia","Australia","Patty Mills (AUS)","USA","Czech Republic +23.5","Kevin Durant (USA)","Argentina","Argentina","Facundo Campazzo (ARG)","Slovenia","Slovenia","Luka Dončić (SVN)","USA - Czech Republic"