"Timestamp","Sinu nimi:","Kes võidab?","Kes võidab?","Kes viskab USA - Australia mängus enim punkte?","Kes võidab?","Kes võidab?","Kes viskab France - Slovenia mängus enim punkte?","Millise mängu eest sa topelt punkte sooviksid?","On veel midagi lisada?"
"2021/08/03 6:02:36 pm GMT+3","Gerdinho","USA","Australia +10.5","Patty Mills (AUS)","France","France +3.5","Rudy Gobert (FRA)","France - Slovenia",""
"2021/08/03 6:22:17 pm GMT+3","Hugo Costa","USA","USA","Kevin Durant (USA)","Slovenia","Slovenia","Luka Dončić (SVN)","USA - Australia",""
"2021/08/03 9:00:28 pm GMT+3","Mart J","USA","USA","Kevin Durant (USA)","France","France +3.5","Luka Dončić (SVN)","USA - Australia","Ei ole."
"2021/08/04 3:02:40 am GMT+3","Seb","USA","USA","Patty Mills (AUS)","Slovenia","Slovenia","Luka Dončić (SVN)","USA - Australia",""
"2021/08/04 8:45:54 pm GMT+3","Majakas","USA","USA","Kevin Durant (USA)","Slovenia","Slovenia","Luka Dončić (SVN)","USA - Australia",""
"2021/08/04 9:12:15 pm GMT+3","Valmar Raigo","USA","USA","Kevin Durant (USA)","Slovenia","Slovenia","Evan Fournier (FRA)","USA - Australia",""
"2021/08/04 9:26:01 pm GMT+3","Asso Viiding","USA","Australia +10.5","Patty Mills (AUS)","Slovenia","Slovenia","Luka Dončić (SVN)","France - Slovenia",""
"2021/08/04 10:35:15 pm GMT+3","Kristo Kluiverson","USA","USA","Damian Lillard (USA)","France","France +3.5","Luka Dončić (SVN)","USA - Australia",""