"Timestamp","Sinu nimi:","Kes võidab?","Kes võidab?","Kes viskab Iran - Czech Republic mängus enim punkte?","Kes võidab?","Kes võidab?","Kes viskab Germany - Italy mängus enim punkte?","Kes võidab?","Kes võidab?","Kes viskab Australia - Nigeria mängus enim punkte?","Kes võidab?","Kes võidab?","Kes viskab France - USA mängus enim punkte?","Kes võidab?","Kes võidab?","Kes viskab Argentina - Slovenia mängus enim punkte?","Kes võidab?","Kes võidab?","Kes viskab Japan - Spain mängus enim punkte?","Millise mängu eest sa topelt punkte sooviksid?"
"2021/07/23 4:38:26 pm GMT+3","Kristo Kluiverson","Czech Republic","Iran +16.5","Tomáš Satoranský (CZE)","Germany","Germany +5.5","Moritz Wagner (GER)","Australia","Nigeria +7.5","Patty Mills (AUS)","USA","USA","Damian Lillard (USA)","Slovenia","Slovenia","Luka Dončić (SVN)","Spain","Japan +19.5","Ricky Rubio (ESP)","France - USA"
"2021/07/23 5:03:19 pm GMT+3","RistoS","Czech Republic","Iran +16.5","Tomáš Satoranský (CZE)","Italy","Italy","Nicolò Melli (ITA)","Australia","Australia","Patty Mills (AUS)","USA","France +11.5","Kevin Durant (USA)","Slovenia","Argentina +5.5","Luka Dončić (SVN)","Spain","Spain","Rui Hachimura (日本)","Iran - Czech Republic"
"2021/07/23 6:19:03 pm GMT+3","Mart J","Czech Republic","Iran +16.5","Tomáš Satoranský (CZE)","Italy","Italy","Danilo Gallinari (ITA)","Australia","Nigeria +7.5","Patty Mills (AUS)","USA","USA","Kevin Durant (USA)","Slovenia","Slovenia","Luka Dončić (SVN)","Spain","Japan +19.5","Rui Hachimura (日本)","Argentina - Slovenia"
"2021/07/23 7:20:13 pm GMT+3","Gerdinho","Czech Republic","Czech Republic","Tomáš Satoranský (CZE)","Italy","Italy","Nicolò Melli (ITA)","Australia","Australia","Dante Exum (AUS)","USA","France +11.5","Damian Lillard (USA)","Slovenia","Slovenia","Luka Dončić (SVN)","Spain","Spain","Usman Garuba (ESP)","Japan - Spain"
"2021/07/23 9:18:21 pm GMT+3","Asso Viiding","Czech Republic","Czech Republic","Tomáš Satoranský (CZE)","Germany","Germany +5.5","Danilo Gallinari (ITA)","Australia","Nigeria +7.5","Patty Mills (AUS)","USA","USA","Kevin Durant (USA)","Slovenia","Slovenia","Luka Dončić (SVN)","Spain","Spain","Rui Hachimura (日本)","France - USA"
"2021/07/23 10:42:24 pm GMT+3","Valmar Raigo","Czech Republic","Czech Republic","Tomáš Satoranský (CZE)","Italy","Italy","Simone Fontecchio (ITA)","Australia","Australia","Patty Mills (AUS)","USA","France +11.5","Kevin Durant (USA)","Argentina","Argentina +5.5","Luka Dončić (SVN)","Spain","Spain","Ricky Rubio (ESP)","Australia - Nigeria"
"2021/07/24 1:11:18 pm GMT+3","Priit Evart","Czech Republic","Czech Republic","Blake Schilb (CZE)","Italy","Italy","Danilo Gallinari (ITA)","Australia","Australia","Joe Ingles (AUS)","USA","USA","Kevin Durant (USA)","Slovenia","Slovenia","Luka Dončić (SVN)","Spain","Spain","Ricky Rubio (ESP)","Iran - Czech Republic"
"2021/07/24 1:15:24 pm GMT+3","Majakas","Czech Republic","Czech Republic","Tomáš Satoranský (CZE)","Italy","Italy","Nicolò Melli (ITA)","Australia","Australia","Jahlil Okafor (NGA)","USA","USA","Damian Lillard (USA)","Slovenia","Slovenia","Luka Dončić (SVN)","Spain","Japan +19.5","Rui Hachimura (日本)","France - USA"
"2021/07/24 9:30:12 pm GMT+3","Hugo Costa","Czech Republic","Czech Republic","Blake Schilb (CZE)","Italy","Italy","Nicolò Melli (ITA)","Nigeria","Nigeria +7.5","Gabe Vincent (NGA)","USA","France +11.5","Zach LaVine (USA)","Slovenia","Slovenia","Luka Dončić (SVN)","Spain","Japan +19.5","Ricky Rubio (ESP)","Japan - Spain"
"2021/07/24 9:36:15 pm GMT+3","Seb","Czech Republic","Iran +16.5","Jan Veselý (CZE)","Germany","Germany +5.5","Maodo Lô (GER)","Australia","Australia","Patty Mills (AUS)","USA","USA","Kevin Durant (USA)","Slovenia","Slovenia","Luka Dončić (SVN)","Spain","Spain","Ricky Rubio (ESP)","France - USA"