"Timestamp","Sinu nimi:","Kes võidab?","Kes võidab?","Kes viskab Nigeria - Germany mängus enim punkte?","Kes võidab?","Kes võidab?","Kes viskab USA - Iran mängus enim punkte?","Kes võidab?","Kes võidab?","Kes viskab Italy - Australia mängus enim punkte?","Kes võidab?","Kes võidab?","Kes viskab Czech Republic - France mängus enim punkte?","Kes võidab?","Kes võidab?","Kes viskab Slovenia - Japan mängus enim punkte?","Kes võidab?","Kes võidab?","Kes viskab Spain - Argentina mängus enim punkte?","Millise mängu eest sa topelt punkte sooviksid?"
"2021/07/26 5:06:31 pm GMT+3","Hugo Costa","Nigeria","Nigeria","Josh Okogie (NGA)","USA","USA","Kevin Durant (USA)","Australia","Australia","Patty Mills (AUS)","France","France","Evan Fournier (FRA)","Slovenia","Slovenia","Luka Dončić (SVN)","Spain","Spain","Ricky Rubio (ESP)","USA - Iran"
"2021/07/26 5:12:10 pm GMT+3","Seb","Nigeria","Nigeria","Maodo Lô (GER)","USA","Iran +38.5","Jayson Tatum (USA)","Australia","Italy +7.5","Patty Mills (AUS)","France","France","Evan Fournier (FRA)","Slovenia","Japan +21.5","Luka Dončić (SVN)","Spain","Spain","Marc Gasol (ESP)","Nigeria - Germany"
"2021/07/26 5:53:24 pm GMT+3","Valmar Raigo","Germany","Germany +4.5","Moritz Wagner (GER)","USA","Iran +38.5","Damian Lillard (USA)","Australia","Italy +7.5","Patty Mills (AUS)","France","France","Nando de Colo (FRA)","Slovenia","Slovenia","Luka Dončić (SVN)","Spain","Spain","Ricky Rubio (ESP)","Slovenia - Japan"
"2021/07/26 6:30:44 pm GMT+3","Gerdinho","Germany","Germany +4.5","Maodo Lô (GER)","USA","USA","Damian Lillard (USA)","Italy","Italy +7.5","Patty Mills (AUS)","France","France","Evan Fournier (FRA)","Slovenia","Slovenia","Luka Dončić (SVN)","Argentina","Argentina +8.5","Luis Scola (ARG)","Slovenia - Japan"
"2021/07/26 10:42:30 pm GMT+3","Kristo Kluiverson","Germany","Germany +4.5","Moritz Wagner (GER)","USA","Iran +38.5","Kevin Durant (USA)","Australia","Italy +7.5","Patty Mills (AUS)","France","France","Nando de Colo (FRA)","Slovenia","Japan +21.5","Luka Dončić (SVN)","Argentina","Argentina +8.5","Gabriel Deck (ARG)","Slovenia - Japan"
"2021/07/26 10:45:33 pm GMT+3","H-Vahe","Germany","Germany +4.5","Moritz Wagner (GER)","USA","USA","Kevin Durant (USA)","Italy","Italy +7.5","Danilo Gallinari (ITA)","France","France","Evan Fournier (FRA)","Slovenia","Slovenia","Luka Dončić (SVN)","Spain","Spain","Ricky Rubio (ESP)","Slovenia - Japan"
"2021/07/26 11:02:15 pm GMT+3","Asso Viiding","Germany","Germany +4.5","Maodo Lô (GER)","USA","Iran +38.5","Behnam Yakhchali (IRN)","Australia","Australia","Patty Mills (AUS)","France","France","Evan Fournier (FRA)","Slovenia","Japan +21.5","Luka Dončić (SVN)","Spain","Argentina +8.5","Ricky Rubio (ESP)","Slovenia - Japan"
"2021/07/26 11:40:47 pm GMT+3","RistoS","Germany","Nigeria","Johannes Voigtmann (GER)","USA","Iran +38.5","Kevin Durant (USA)","Australia","Italy +7.5","Patty Mills (AUS)","France","France","Evan Fournier (FRA)","Slovenia","Japan +21.5","Luka Dončić (SVN)","Spain","Spain","Ricky Rubio (ESP)","USA - Iran"
"2021/07/27 12:39:42 am GMT+3","Mart J","Nigeria","Nigeria","Maodo Lô (GER)","USA","USA","Kevin Durant (USA)","Australia","Italy +7.5","Patty Mills (AUS)","France","France","Evan Fournier (FRA)","Slovenia","Slovenia","Luka Dončić (SVN)","Spain","Spain","Ricky Rubio (ESP)","Slovenia - Japan"
"2021/07/27 3:42:21 am GMT+3","Priit Evart","Nigeria","Nigeria","Josh Okogie (NGA)","USA","USA","Kevin Durant (USA)","Australia","Australia","Danilo Gallinari (ITA)","France","France","Blake Schilb (CZE)","Slovenia","Slovenia","Luka Dončić (SVN)","Spain","Spain","Sergio Llull (ESP)","Slovenia - Japan"
"2021/07/27 6:40:02 am GMT+3","Majakas","Germany","Germany +4.5","Moritz Wagner (GER)","USA","Iran +38.5","Kevin Durant (USA)","Australia","Italy +7.5","Danilo Gallinari (ITA)","France","Czech Republic +9.5","Evan Fournier (FRA)","Slovenia","Japan +21.5","Luka Dončić (SVN)","Spain","Argentina +8.5","Ricky Rubio (ESP)","Slovenia - Japan"