"Timestamp","Sinu nimi:","Kes võidab?","Kes võidab?","Kes viskab USA - France mängus enim punkte?","Kes võidab?","Kes võidab?","Kes viskab Australia - Slovenia mängus enim punkte?","Millise mängu eest sa topelt punkte sooviksid?","Viimane võimalus midagi lisada..."
"2021/08/05 5:07:27 pm GMT+3","Mart J","USA","France +11.5","Kevin Durant (USA)","Slovenia","Slovenia","Luka Dončić (SVN)","USA - France",""
"2021/08/05 5:13:56 pm GMT+3","Hugo Costa","USA","USA","Kevin Durant (USA)","Slovenia","Slovenia","Luka Dončić (SVN)","USA - France",""
"2021/08/05 5:20:00 pm GMT+3","Priit Evart","USA","USA","Kevin Durant (USA)","Slovenia","Slovenia","Luka Dončić (SVN)","USA - France",""
"2021/08/05 9:18:45 pm GMT+3","Asso Viiding","USA","France +11.5","Kevin Durant (USA)","Australia","Australia +2.5","Luka Dončić (SVN)","USA - France",""
"2021/08/06 9:59:53 am GMT+3","Gerdinho","France","France +11.5","Evan Fournier (FRA)","Australia","Australia +2.5","Patty Mills (AUS)","USA - France",""
"2021/08/06 4:45:48 pm GMT+3","Kristo Kluiverson","USA","USA","Kevin Durant (USA)","Slovenia","Slovenia","Patty Mills (AUS)","USA - France","Oleks Serbia Olümpial, oleks Serbia-USA finaal olnud ja poole põnevam. Seda ka, et Patrick Kluivert on (jah on mitte oli!) mega äge ja hea jalgpallur."
"2021/08/06 7:36:50 pm GMT+3","Seb","USA","France +11.5","Evan Fournier (FRA)","Slovenia","Slovenia","Luka Dončić (SVN)","USA - France",""
"2021/08/06 7:40:21 pm GMT+3","Majakas","USA","USA","Kevin Durant (USA)","Slovenia","Slovenia","Zoran Dragić (SVN)","USA - France",""